Authors,Title,Publication,Volume,Number,Pages,Year,Publisher
"Rogers, Jen; Spina, Nicholas; Neese, Ashley; Hess, Rachel; Brodke, Darrel; Lex, Alexander; ",Composer—visual cohort analysis of patient outcomes,Applied clinical informatics,10,02,278-285,2019,Georg Thieme Verlag KG
"Rogers, Jen; Patton, Austin H; Harmon, Luke; Lex, Alexander; Meyer, Miriah; ",Insights from experiments with rigor in an evobio design study,IEEE Transactions on Visualization and Computer Graphics,27,2,1106-1116,2020,IEEE
"Rogers, Jen; Poyade, Matthieu; Pollick, Frank; ",Constellations of movement: an interactive application to visualise research in motor imagery decoding,ACM SIGGRAPH 2017 Posters,,,1-2,2017,
"Bezerianos, Anastasia; Hall, Kyle; Meyer, Miriah; Sedlmair, Michael; Rogers, Jen; Abdul-Rahman, Alfie; Bartam, Lyn; Bernard, Jürgen; Bertini, Enrico; Blackwell, Alan; ",BELIV 2020 Committees,,,,,,
"Rogers, Jen; Patton, Austin; Harmon, Luke; Lex, Alexander; Meyer, Miriah; ",Implementing Criteria for Rigor in an Evolutionary Biology Design Study,,,,,,
"Liu, Hui; Riggi, Margot; Rogers, Jen; Meyer, Miriah; Iwasa, Janet H; ",A new tool for annotating scientific animations and supporting scientific dialogue,PLoS biology,20,8,e3001731,2022,"Public Library of Science San Francisco, CA USA"
"Rogers, Jen; Crisan, Anamaria; ",Tracing and visualizing human-ML/AI collaborative processes through artifacts of data work,Proceedings of the 2023 CHI Conference on Human Factors in Computing Systems,,,1-22,2023,
"Brumar, Camelia D; Appleby, Gabriel; Rogers, Jen; Matinde, Teddy; Thompson, Lara; Chang, Remco; Crisan, Anamaria; ","RekomGNN: Visualizing, Contextualizing and Evaluating Graph Neural Networks Recommendations",arXiv preprint arXiv:2310.11562,,,,2023,
"Meschke, Vanessa; Novick, Andrew; Rogers, Jen; Porter, Claire; Chang, Remco; Proffen, Thomas; Toberer, Eric S; ",Resolving local ordering and structure in Mn x Ge1− x Te alloys through thermodynamic ensembles of pair distribution functions,Journal of Materials Chemistry C,12,35,13863-13874,2024,The Royal Society of Chemistry
"Rogers, Jennifer Lynn; ",Traceability in Design-Oriented Visualization Research,,,,,2023,The University of Utah
"Montambault, Brian; Appleby, Gabriel; Rogers, Jen; Brumar, Camelia D; Li, Mingwei; Chang, Remco; ",Dimbridge: Interactive explanation of visual patterns in dimensionality reductions with predicate logic,IEEE Transactions on Visualization and Computer Graphics,31,1,207-217,2024,IEEE
"Rogers, Jen; Anastacio, Marie; Bernard, Jürgen; Chakhchoukh, Mehdi; Faust, Rebecca; Kerren, Andreas; Koch, Steffen; Kotthoff, Lars; Turkay, Cagatay; Wall, Emily; ",Visualization and automation in data science: exploring the paradox of humans-in-the-loop,2024 IEEE Visualization in Data Science (VDS),,,1-5,2024,IEEE
"Rogers, Jen; Shen, Leixian; Mosca, Ab; Peck, Evan; Li, Mingwei; Hakone, Anzu; Potter, Kristi; Chang, Remco; ",House Advantage or House of Cards? Stacking the Deck for Data Videos Leads to Null Results,Proceedings of the Extended Abstracts of the CHI Conference on Human Factors in Computing Systems,,,1-14,2025,
"He, Edward W; Bellotti, Vanessa; Scott, Alexandra; Xu, Jiaohao; Suh, Ashley; Rogers, Jen; Chang, Remco; ",The Effects of Belief Elicitation in Visual Data Analysis: A Longitudinal Classroom Study,IEEE Transactions on Visualization and Computer Graphics,,,,2025,IEEE
"Appleby, Gabriel; Hassanaly, Malik; Rogers, Jen; Mueller, Juliane; Potter, Kristi; ",BNNVis: Towards Visual Analytics for Bayesian Neural Networks,2025 IEEE Visualization and Visual Analytics (VIS),,,146-150,2025,IEEE
"Rogers, Jen; Akbaba, Derya; Brown, JS; Lex, Alexander; Meyer, Miriah; ",Reflections on Traceability for Visualization Research,Computer Graphics Forum,,,e70445,2026,
